﻿<?xml version="1.0"?>
<doc>
<assembly>
<name>
RealCode
</name>
</assembly>
<members>
<member name="P:TelerikMenu.My.Resources.Resources.ResourceManager">
	<summary>
  Returns the cached ResourceManager instance used by this class.
</summary>
</member><member name="P:TelerikMenu.My.Resources.Resources.Culture">
	<summary>
  Overrides the current thread's CurrentUICulture property for all
  resource lookups using this strongly typed resource class.
</summary>
</member><member name="P:TelerikMenu.My.Resources.Resources.bg_apps">
	<summary>
  Looks up a localized resource of type System.Drawing.Bitmap.
</summary>
</member><member name="P:TelerikMenu.My.Resources.Resources.btn_login">
	<summary>
  Looks up a localized resource of type System.Drawing.Bitmap.
</summary>
</member><member name="P:TelerikMenu.My.Resources.Resources.btn_login_hover">
	<summary>
  Looks up a localized resource of type System.Drawing.Bitmap.
</summary>
</member><member name="P:TelerikMenu.My.Resources.Resources.btn_login_press">
	<summary>
  Looks up a localized resource of type System.Drawing.Bitmap.
</summary>
</member><member name="P:TelerikMenu.My.Resources.Resources.close">
	<summary>
  Looks up a localized resource of type System.Drawing.Bitmap.
</summary>
</member><member name="P:TelerikMenu.My.Resources.Resources.Close_24">
	<summary>
  Looks up a localized resource of type System.Drawing.Bitmap.
</summary>
</member><member name="P:TelerikMenu.My.Resources.Resources.close_gray">
	<summary>
  Looks up a localized resource of type System.Drawing.Bitmap.
</summary>
</member><member name="P:TelerikMenu.My.Resources.Resources.down">
	<summary>
  Looks up a localized resource of type System.Drawing.Bitmap.
</summary>
</member><member name="P:TelerikMenu.My.Resources.Resources.garis">
	<summary>
  Looks up a localized resource of type System.Drawing.Bitmap.
</summary>
</member><member name="P:TelerikMenu.My.Resources.Resources.icon">
	<summary>
  Looks up a localized resource of type System.Drawing.Icon similar to (Icon).
</summary>
</member><member name="P:TelerikMenu.My.Resources.Resources.ICON_ERROR_3">
	<summary>
  Looks up a localized resource of type System.Drawing.Bitmap.
</summary>
</member><member name="P:TelerikMenu.My.Resources.Resources.icon_panah">
	<summary>
  Looks up a localized resource of type System.Drawing.Bitmap.
</summary>
</member><member name="P:TelerikMenu.My.Resources.Resources.login">
	<summary>
  Looks up a localized resource of type System.Drawing.Bitmap.
</summary>
</member><member name="P:TelerikMenu.My.Resources.Resources.maximize">
	<summary>
  Looks up a localized resource of type System.Drawing.Bitmap.
</summary>
</member><member name="P:TelerikMenu.My.Resources.Resources.MB_0006_back">
	<summary>
  Looks up a localized resource of type System.Drawing.Bitmap.
</summary>
</member><member name="P:TelerikMenu.My.Resources.Resources.minimiza">
	<summary>
  Looks up a localized resource of type System.Drawing.Bitmap.
</summary>
</member><member name="P:TelerikMenu.My.Resources.Resources.no_image">
	<summary>
  Looks up a localized resource of type System.Drawing.Bitmap.
</summary>
</member><member name="P:TelerikMenu.My.Resources.Resources.search">
	<summary>
  Looks up a localized resource of type System.Drawing.Bitmap.
</summary>
</member><member name="P:TelerikMenu.My.Resources.Resources.star">
	<summary>
  Looks up a localized resource of type System.Drawing.Bitmap.
</summary>
</member><member name="P:TelerikMenu.My.Resources.Resources.up">
	<summary>
  Looks up a localized resource of type System.Drawing.Bitmap.
</summary>
</member><member name="T:TelerikMenu.My.Resources.Resources">
	<summary>
  A strongly-typed resource class, for looking up localized strings, etc.
</summary>
</member>
</members>
</doc>