﻿<?xml version="1.0" encoding="utf-8"?>
<publishData>
  <publishProfile publishUrl="D:\Projects\RND\ReactivationService" deleteExistingFiles="True" ftpAnonymousLogin="False" ftpPassiveMode="True" msdeploySite="" msdeploySiteID="" msdeployRemoteSitePhysicalPath="" msdeployAllowUntrustedCertificate="False" msdeploySkipExtraFilesOnServer="True" msdeployMarkAsApp="False" profileName="Profile1" publishMethod="FileSystem" replaceMatchingFiles="False" userName="" savePWD="False" userPWD="" SelectedForPublish="True">
    <file relUrl="bin/REL_StreamExtendedLibrary.pdb" publishTime="11/05/2015 11:48:12" />
    <file relUrl="bin/log4net.xml" publishTime="11/05/2015 11:45:17" />
    <file relUrl="bin/REL_BackEnd.dll" publishTime="09/04/2017 14:53:54" />
    <file relUrl="bin/id/REL_FrontEndResources.resources.dll" publishTime="09/05/2017 10:48:18" />
    <file relUrl="bin/log4net.dll" publishTime="11/05/2015 11:45:17" />
    <file relUrl="bin/FileHelpers.dll" publishTime="06/22/2015 10:40:43" />
    <file relUrl="bin/REL_BackEnd.pdb" publishTime="09/04/2017 14:53:54" />
    <file relUrl="bin/SpreadsheetLight.dll" publishTime="06/22/2015 10:40:41" />
    <file relUrl="bin/REL_Deployment.pdb" publishTime="10/26/2017 14:57:23" />
    <file relUrl="bin/AutoreactivationService.dll" publishTime="09/10/2018 16:33:39" />
    <file relUrl="bin/ja/REL_FrontEndResources.resources.dll" publishTime="09/05/2017 10:48:17" />
    <file relUrl="bin/DocumentFormat.OpenXml.dll" publishTime="06/22/2015 10:40:41" />
    <file relUrl="bin/HelperStreamExtensionLibrary.dll" publishTime="08/18/2017 16:04:01" />
    <file relUrl="bin/REL_Deployment.dll" publishTime="10/26/2017 14:57:23" />
    <file relUrl="bin/zh/REL_FrontEndResources.resources.dll" publishTime="09/05/2017 10:48:18" />
    <file relUrl="bin/REL_Common.dll" publishTime="09/05/2017 11:07:28" />
    <file relUrl="bin/REL_FrontEndResources.pdb" publishTime="09/04/2017 13:43:16" />
    <file relUrl="bin/LiveSwitch.TextControl.exe" publishTime="11/05/2015 11:45:13" />
    <file relUrl="bin/REL_FrontEnd.pdb" publishTime="10/26/2017 15:33:52" />
    <file relUrl="bin/AutoreactivationService.xml" publishTime="09/10/2018 16:33:39" />
    <file relUrl="bin/REL_FrontEndResources.dll" publishTime="09/04/2017 13:43:16" />
    <file relUrl="bin/REL_FrontEnd.dll" publishTime="10/26/2017 15:33:52" />
    <file relUrl="Web.config" publishTime="09/10/2018 16:45:56" />
    <file relUrl="bin/HelperStreamExtensionLibrary.pdb" publishTime="08/18/2017 16:04:01" />
    <file relUrl="bin/REL_Common.pdb" publishTime="09/05/2017 11:07:28" />
    <file relUrl="bin/REL_StreamExtendedLibrary.dll" publishTime="11/05/2015 11:48:12" />
    <file relUrl="bin/AutoreactivationService.pdb" publishTime="09/10/2018 16:33:39" />
    <file relUrl="Services/LAT00130Service.svc" publishTime="09/10/2018 14:49:49" />
    <file relUrl="bin/JWT.dll" publishTime="11/05/2015 11:45:17" />
    <file relUrl="bin/en/REL_FrontEndResources.resources.dll" publishTime="09/05/2017 10:48:17" />
  </publishProfile>
</publishData>