﻿<?xml version="1.0"?>
<doc>
<assembly>
<name>
R_Version
</name>
</assembly>
<members>
<member name="T:R_Version.My.Resources.Resources">
<summary>
  A strongly-typed resource class, for looking up localized strings, etc.
</summary>
</member>
<member name="P:R_Version.My.Resources.Resources.ResourceManager">
<summary>
  Returns the cached ResourceManager instance used by this class.
</summary>
</member>
<member name="P:R_Version.My.Resources.Resources.Culture">
<summary>
  Overrides the current thread's CurrentUICulture property for all
  resource lookups using this strongly typed resource class.
</summary>
</member>
<member name="T:R_Version.R_CommandProcess">
 <summary>
 Class untuk menjalankan proses pada file .cmd dan .bat
 </summary>
</member>
<member name="P:R_Version.R_CommandProcess.Path">
 <summary>
 Untuk mendapatkan file path yang digunakan oleh proses
 </summary>
 <returns>File path</returns>
</member>
<member name="P:R_Version.R_CommandProcess.Arguments">
 <summary>
 Untuk mendapatkan parameter yang digunakan oleh proses
 </summary>
 <returns>Parameter</returns>
</member>
<member name="P:R_Version.R_CommandProcess.IsRunning">
 <summary>
 Untuk menyimpan state apakah proses sedang berjalan
 </summary>
 <returns>1 jika proses sedang berjalan, 0 sebaliknya</returns>
</member>
<member name="P:R_Version.R_CommandProcess.ExitCode">
 <summary>
 Untuk menyimpan ExitCode pada proses
 </summary>
 <returns>0 jika proses tidak mengalami error, selain 0 proses mengalami error.</returns>
</member>
<member name="M:R_Version.R_CommandProcess.#ctor(System.String,System.String)">
 <summary>
 Constructor R_CommandProcess
 </summary>
 <param name="path">Cmd or bat file path.</param>
 <param name="arguments">Parameter for file.</param>
</member>
<member name="M:R_Version.R_CommandProcess.Run(System.Boolean)">
 <summary>
 Untuk menjalankan proses
 </summary>
 <param name="plWithError">Untuk menampilkan detail error pada proses.</param>
 <returns>Error code. 0 tidak ada error, selain 0 error.</returns>
</member>
<member name="M:R_Version.R_CommandProcess.Run(System.Boolean,System.Boolean)">
 <summary>
 Untuk menjalankan proses
 </summary>
 <param name="plShowWindow">Untuk menampilkan window proses.</param>
 <param name="plWithError">Untuk menampilkan detail error pada proses.</param>
 <returns>Error code. 0 tidak ada error, selain 0 error.</returns>
</member>
<member name="M:R_Version.R_CommandProcess.Kill">
 <summary>
 Untuk menghentikan proses yang sedang berjalan.
 </summary>
</member>
<member name="T:R_Version.R_MsBuild">
 <summary>
 Untuk menjalankan MsBuild pada project
 </summary>
</member>
<member name="M:R_Version.R_MsBuild.Build(System.String,System.String,System.String,R_Version.R_eAction,System.String)">
 <summary>
 Untuk menjalankan proses Build pada project
 </summary>
 <param name="pcMSBuildPath">File path dari MsBuild.exe yang terinstall.</param>
 <param name="pcProjectPath">File path dari file project.</param>
 <param name="pcLogFilePath">File path dari log file untuk mencatat proses dari MsBuild.</param>
 <param name="peAction">Action yang akan dijalankan oleh MsBuild.</param>
 <param name="pcTargetDir">Target directory ketika <paramref name="peAction"/> adalah <see cref="F:R_Version.R_eAction.Publish"/>.</param>
</member>
<member name="T:R_Version.R_Obfuscator">
 <summary>
 Class yang digunakan untuk melakukan encrypt pada assembly.
 </summary>
 <remarks></remarks>
</member>
<member name="M:R_Version.R_Obfuscator.#ctor">
 <summary>
 Melakukan inisialisasi awal pada class.
 </summary>
 <remarks>Untuk mendaftarkan assembly internal.</remarks>
</member>
<member name="M:R_Version.R_Obfuscator.R_BatchProtect(System.String,System.String)">
 <summary>
 Untuk melakukan encrypt pada assembly yang dilakukan secara batch.
 </summary>
 <param name="pcOutputDir">Target directory untuk menampung hasil encrypt.</param>
 <param name="pcBaseDir">Directory yang berisi semua assembly yang akan di-encrypt.</param>
 <remarks></remarks>
</member>
<member name="M:R_Version.R_Obfuscator.R_SingleProtect(System.String,System.String,System.String)">
 <summary>
 Untuk melakukan encrypt pada assembly yang dilakukan secara single.
 </summary>
 <param name="pcOutputDir">Target directory untuk menampung hasil encrypt.</param>
 <param name="pcBaseDir">Directory yang berisi semua assembly yang akan di-encrypt.</param>
 <param name="pcFileName">Assembly yang akan di-encrypt.</param>
 <remarks></remarks>
</member>
<member name="M:R_Version.R_Obfuscator.R_RunProject(Confuser.Core.ConfuserParameters)">
 <summary>
 Method yang akan dijalankan untuk melakukan encrypt.
 </summary>
 <param name="parameters"></param>
 <returns>Nilai dari logger, apakah ada error atau tidak.</returns>
 <remarks></remarks>
</member>
<member name="M:R_Version.R_Obfuscator.CreateXML(System.String,System.String,System.Boolean,System.String)">
 <summary>
 Method yang digunakan untuk melakukan penulisan pada XML.
 </summary>
 <param name="pcOutputDir">Target directory untuk menampung hasil encrypt.</param>
 <param name="pcBaseDir">Directory yang berisi semua assembly yang akan di-encrypt.</param>
 <param name="plBatch">Flag untuk menentukan apakah batch atau single.</param>
 <param name="pcFileName">Filename dari assembly yang akan di-encrypt.</param>
 <remarks></remarks>
</member>
<member name="T:R_Version.R_SignTool">
 <summary>
 Tools yang digunakan untuk melakukan signing terhadap file.
 </summary>
</member>
<member name="M:R_Version.R_SignTool.R_SingleSign(System.String,System.String)">
 <summary>
 Method untuk melakukan signing pada single file.
 </summary>
 <param name="pcSignToolPath">Program .exe yang digunakan untuk melakukan signing.</param>
 <param name="pcFilePath">File yang akan di-signing.</param>
</member>
<member name="M:R_Version.R_SignTool.R_SingleVerify(System.String,System.String)">
 <summary>
 Method yang digunakan untuk melakukan verify pada file yang telah di-signing.
 </summary>
 <param name="pcSignToolPath">Program .exe yang digunakan untuk melakukan verify.</param>
 <param name="pcFilePath">File yang akan di-verify.</param>
</member>
<member name="T:R_Version.R_Zip">
 <summary>
 Untuk melakukan proses Zip pada file
 </summary>
</member>
<member name="P:R_Version.R_Zip.R_SignToolPath">
 <summary>
 Untuk menampung file path dari SignTool.exe yang digunakan sebelum melakukan zip.
 </summary>
 <returns></returns>
</member>
<member name="E:R_Version.R_Zip.R_ZipProgress">
 <summary>
 Event yang akan dijalankan ketika melakukan zip. Event ini bertujuan untuk mengetahui progress dari proses zip.
 </summary>
</member>
<member name="M:R_Version.R_Zip.Zip(System.String,System.String,System.String)">
 <summary>
 Untuk menjalankan proses zip
 </summary>
 <param name="pcDirectoryPath">Directory path yang akan di-zip.</param>
 <param name="pcZipFilePath">Path tujuan untuk hasil zip.</param>
 <param name="pcZipComment">Comment pada zip file.</param>
</member>
<member name="M:R_Version.R_Zip.ZipWithPassword(System.String,System.String,System.String,System.String)">
 <summary>
 Untuk menjalankan proses zip
 </summary>
 <param name="pcDirectoryPath">Directory path yang akan di-zip.</param>
 <param name="pcZipFilePath">Path tujuan untuk hasil zip.</param>
 <param name="pcPassword">Password yang akan digunakan pada zip.</param>
 <param name="pcZipComment">Comment pada zip file.</param>
</member>
<member name="M:R_Version.R_Zip.UnZip(System.String,System.String)">
 <summary>
 Untuk melakukan proses Unzip
 </summary>
 <param name="pcDirectoryTarget">Directory tempat file di-ekstrak.</param>
 <param name="pcZipFilePath">File path zip yang akan di ekstrak.</param>
</member>
<member name="M:R_Version.R_Zip.UnZip(System.String,System.String,System.String)">
 <summary>
 Untuk melakukan proses Unzip
 </summary>
 <param name="pcDirectoryTarget">Directory tempat file di-ekstrak.</param>
 <param name="pcZipFilePath">File path zip yang akan di ekstrak.</param>
 <param name="pcPassword">Password yang digunakan pada zip file.</param>
</member>
<member name="M:R_Version.R_Zip.Zip_SaveProgress(System.Object,Ionic.Zip.SaveProgressEventArgs)">
 <summary>
 
 </summary>
 <param name="sender"></param>
 <param name="args"></param>
</member>
</members>
</doc>
