﻿<?xml version="1.0" encoding="utf-8"?>
<publishData>
  <publishProfile publishUrl="D:\RealCode\RND\RealCode\Report\Published" deleteExistingFiles="True" ftpAnonymousLogin="False" ftpPassiveMode="True" msdeploySite="" msdeploySiteID="" msdeployRemoteSitePhysicalPath="" msdeployAllowUntrustedCertificate="False" msdeploySkipExtraFilesOnServer="True" msdeployMarkAsApp="False" profileName="Profile1" publishMethod="FileSystem" replaceMatchingFiles="False" userName="" savePWD="False" userPWD="" SelectedForPublish="True">
    <file relUrl="bin/RealCodeReportLibrary.pdb" publishTime="09/17/2020 15:48:05" />
    <file relUrl="bin/REL_Common.dll" publishTime="09/05/2017 11:07:28" />
    <file relUrl="bin/RealCodeReportLibrary.dll" publishTime="09/17/2020 15:48:05" />
    <file relUrl="Parameters.svc" publishTime="05/08/2019 14:41:22" />
    <file relUrl="Web.config" publishTime="05/28/2020 14:52:00" />
    <file relUrl="bin/RealCodeReportService.xml" publishTime="09/17/2020 15:48:05" />
    <file relUrl="bin/RealCodeReportService.dll" publishTime="09/17/2020 15:48:05" />
    <file relUrl="bin/RealCodeReportService.pdb" publishTime="09/17/2020 15:48:05" />
    <file relUrl="bin/RealCodeReportLibrary.xml" publishTime="09/17/2020 15:48:05" />
    <file relUrl="bin/REL_BackEnd.dll" publishTime="09/04/2017 14:53:54" />
    <file relUrl="Methods.svc" publishTime="05/07/2019 10:59:48" />
  </publishProfile>
</publishData>