﻿<?xml version="1.0" encoding="utf-8"?>
<publishData>
  <publishProfile publishUrl="D:\Projects\RND\RealCodeServer\5.00" deleteExistingFiles="True" ftpAnonymousLogin="False" ftpPassiveMode="True" msdeploySite="" msdeploySiteID="" msdeployRemoteSitePhysicalPath="" msdeployAllowUntrustedCertificate="False" msdeploySkipExtraFilesOnServer="True" msdeployMarkAsApp="False" profileName="FileSystemPublishing" publishMethod="FileSystem" replaceMatchingFiles="False" userName="" savePWD="False" userPWD="" SelectedForPublish="True">
    <file relUrl="bin/LAM00600Common.dll" publishTime="12/21/2017 18:41:31" />
    <file relUrl="bin/RVT00100Back.dll" publishTime="01/31/2019 18:26:21" />
    <file relUrl="bin/RVM00100Back.dll" publishTime="01/24/2019 11:21:24" />
    <file relUrl="Services/CSM00100Service/CSM00100AttributeService.svc" publishTime="07/04/2016 15:46:54" />
    <file relUrl="Services/SAM01200Service/SAM01200StreamingService/SAM01200StreamingService.svc" publishTime="11/20/2015 13:22:37" />
    <file relUrl="Services/CSI00200Service/CSI00200Service.svc" publishTime="10/11/2017 15:52:43" />
    <file relUrl="bin/HelperStreamExtensionLibrary.pdb" publishTime="08/18/2017 16:04:01" />
    <file relUrl="Services/CSM00100Service/CSM00100SourceGroupStreamingService.svc" publishTime="07/04/2016 15:47:59" />
    <file relUrl="bin/LAM00100Back.dll" publishTime="12/21/2017 18:41:36" />
    <file relUrl="Services/LAT00110Service/LAT00110Service.svc" publishTime="05/22/2018 16:45:32" />
    <file relUrl="bin/TelerikMenuBackResources.pdb" publishTime="12/10/2018 11:24:28" />
    <file relUrl="Services/SAM01100Service/MenuProgramService/MenuProgramService.svc" publishTime="06/29/2016 17:04:31" />
    <file relUrl="bin/RVM00100Common.xml" publishTime="01/24/2019 11:21:24" />
    <file relUrl="Services/LAT00400Service/LAT00400DetailService.svc" publishTime="02/03/2016 11:53:10" />
    <file relUrl="Services/SAM01100Service/SAM01100StreamingService/SAM01100StreamingService.svc" publishTime="06/29/2016 17:04:22" />
    <file relUrl="bin/RLicenseBack.xml" publishTime="01/24/2019 11:21:23" />
    <file relUrl="Services/LAM00100Service/LAM00100Service.svc" publishTime="10/02/2015 17:35:25" />
    <file relUrl="Services/LAT00100Service/LAT00100Service.svc" publishTime="10/06/2015 14:44:17" />
    <file relUrl="Services/SAM01000Service/SAM01000Service.svc" publishTime="06/02/2017 16:59:00" />
    <file relUrl="bin/HelperStreamExtensionLibrary.dll" publishTime="08/18/2017 16:04:01" />
    <file relUrl="Services/RVT00100Service/RVT00100IncludeService.svc" publishTime="03/16/2016 15:13:30" />
    <file relUrl="Services/LAM00300Service/LAM00300StreamingService.svc" publishTime="10/20/2015 17:30:57" />
    <file relUrl="Services/CST00100Service/CST00100Service.svc" publishTime="08/18/2016 15:44:15" />
    <file relUrl="Services/CSM00300Service/CSM00300StreamingService.svc" publishTime="07/14/2016 15:28:11" />
    <file relUrl="bin/LAM00200Back.pdb" publishTime="01/23/2019 16:45:01" />
    <file relUrl="Services/LAM00500Service/LAM00500StreamingService.svc" publishTime="11/30/2015 14:25:16" />
    <file relUrl="bin/REL_Common.dll" publishTime="09/05/2017 11:07:28" />
    <file relUrl="Services/CSM00100Service/CSM00100AttributeStreamingService.svc" publishTime="07/04/2016 15:48:01" />
    <file relUrl="Services/CST00200Service/CST00200IssueClassStreamingService.svc" publishTime="03/06/2017 17:06:51" />
    <file relUrl="Services/CSM00520Service/CSM00520StreamingService.svc" publishTime="07/23/2018 14:11:36" />
    <file relUrl="Services/CSM00500Service/CSM00500ItemStreamingService.svc" publishTime="08/01/2016 19:04:36" />
    <file relUrl="bin/CST00200Back.pdb" publishTime="01/24/2019 11:21:24" />
    <file relUrl="bin/LAT00300Back.dll" publishTime="12/21/2017 18:41:32" />
    <file relUrl="Services/Helper/R_EmailEngineService.svc" publishTime="12/23/2015 14:46:13" />
    <file relUrl="Services/CST00200Service/CST00200ReviseService.svc" publishTime="08/30/2018 16:35:52" />
    <file relUrl="Services/RVT00100Service/RVT00100IncludeStreamingService.svc" publishTime="03/16/2016 15:13:38" />
    <file relUrl="Services/CSM00502Service/CSM00502Service.svc" publishTime="02/10/2017 16:40:37" />
    <file relUrl="bin/LAT00100Back.xml" publishTime="01/23/2019 16:44:58" />
    <file relUrl="Services/MenuService/MenuService.svc" publishTime="08/18/2017 18:02:55" />
    <file relUrl="Services/LAT00300Service/LAT00300Service.svc" publishTime="11/05/2015 16:15:50" />
    <file relUrl="bin/CSM00310BACK.xml" publishTime="01/23/2019 16:44:59" />
    <file relUrl="bin/CSM00500Back.xml" publishTime="01/24/2019 16:16:24" />
    <file relUrl="bin/LAT00100Back.dll" publishTime="01/23/2019 16:44:58" />
    <file relUrl="bin/LAM00300Back.dll" publishTime="12/21/2017 18:41:35" />
    <file relUrl="bin/CSM00500Back.dll" publishTime="01/24/2019 16:16:24" />
    <file relUrl="Services/CST00200Service/CST00200AttachStreamingService.svc" publishTime="10/26/2016 14:45:07" />
    <file relUrl="Services/FileService/FileService.svc" publishTime="08/30/2016 15:22:11" />
    <file relUrl="Services/RVT00100Service/RVT00100LogService.svc" publishTime="03/16/2016 15:14:01" />
    <file relUrl="Services/CST00200Service/CST00200Service.svc" publishTime="10/14/2016 11:48:27" />
    <file relUrl="bin/RCustDBFileCommon.xml" publishTime="12/10/2018 11:24:26" />
    <file relUrl="Services/CSM00520Service/CSM00520Service.svc" publishTime="07/23/2018 14:11:19" />
    <file relUrl="Services/CSM00600Service/CSM00600DetailStreamingService.svc" publishTime="12/07/2016 17:16:00" />
    <file relUrl="Services/Helper/R_LicenseActivationService.svc" publishTime="02/07/2018 11:00:59" />
    <file relUrl="Web.config" publishTime="01/31/2019 17:59:21" />
    <file relUrl="bin/RVM00100Common.pdb" publishTime="01/24/2019 11:21:24" />
    <file relUrl="Services/LAM00100Service/LAM00100StreamingService.svc" publishTime="10/02/2015 16:16:12" />
    <file relUrl="Services/CSM00510Service/CSM00510AssignmentService.svc" publishTime="02/02/2017 15:45:16" />
    <file relUrl="bin/LAT00130Back.dll" publishTime="01/23/2019 16:45:00" />
    <file relUrl="Services/CST00200Service/CST00200IssueClassService.svc" publishTime="03/06/2017 17:06:54" />
    <file relUrl="bin/TelerikMenuBackCls.dll" publishTime="12/10/2018 11:24:34" />
    <file relUrl="Services/RVM00110Service/RVM00110Service.svc" publishTime="08/13/2018 13:50:56" />
    <file relUrl="Services/CSM00600Service/CSM00600StreamingService.svc" publishTime="12/06/2016 14:49:52" />
    <file relUrl="Services/CSM00400Service/CSM00400Service.svc" publishTime="07/21/2016 11:41:31" />
    <file relUrl="Services/CST00200Service/CST00200StreamingService.svc" publishTime="10/14/2016 11:49:01" />
    <file relUrl="bin/CSM00501Back.dll" publishTime="12/21/2017 18:41:37" />
    <file relUrl="bin/CSM00520Back.xml" publishTime="01/24/2019 16:16:29" />
    <file relUrl="bin/SAM01100Common.dll" publishTime="12/10/2018 11:24:32" />
    <file relUrl="Services/RVM00100Service/RVM00100CustomerStreamingService.svc" publishTime="08/08/2018 11:59:42" />
    <file relUrl="Services/LAM00200Service/LAM00200StreamingService.svc" publishTime="10/16/2015 17:31:30" />
    <file relUrl="bin/CSM00520Back.dll" publishTime="01/24/2019 16:16:29" />
    <file relUrl="Services/CSM00100Service/CSM00100Service.svc" publishTime="06/24/2016 17:13:55" />
    <file relUrl="Services/CSM00500Service/CSM00500SessionService.svc" publishTime="07/29/2016 16:18:24" />
    <file relUrl="Services/RVM00100Service/RVM00100ProviderStreamingService.svc" publishTime="05/15/2017 16:14:30" />
    <file relUrl="Services/CSM00510Service/CSM00510StreamingService.svc" publishTime="08/03/2016 16:14:09" />
    <file relUrl="bin/R_Version.dll" publishTime="01/16/2019 15:00:16" />
    <file relUrl="Services/RVM00100Service/RVM00100Service.svc" publishTime="03/16/2016 15:13:14" />
    <file relUrl="bin/RLicenseBack.dll" publishTime="01/24/2019 11:21:23" />
    <file relUrl="Services/CSI00100Service/CSI00100StreamingService.svc" publishTime="09/08/2017 13:48:31" />
    <file relUrl="Services/CSM00510Service/CSM00510AssignmentStreamingService.svc" publishTime="02/02/2017 15:46:13" />
    <file relUrl="bin/REL_StreamExtendedLibrary.dll" publishTime="11/05/2015 11:48:12" />
    <file relUrl="Services/LAT00400Service/LAT00400StreamingService.svc" publishTime="01/27/2016 11:37:27" />
    <file relUrl="bin/CSM00500Common.pdb" publishTime="01/24/2019 16:16:23" />
    <file relUrl="bin/id/REL_BackEnd.resources.dll" publishTime="08/22/2017 10:45:30" />
    <file relUrl="Services/LAT00500Service/LAT00500StreamingService.svc" publishTime="02/05/2016 17:11:30" />
    <file relUrl="Services/LAM00600Service/LAM00600StreamingService.svc" publishTime="02/02/2016 11:15:20" />
    <file relUrl="bin/RCustDBFileCommon.dll" publishTime="12/10/2018 11:24:26" />
    <file relUrl="Services/CSM00500Service/CSM00500UsersStreamingService.svc" publishTime="07/27/2016 14:24:32" />
    <file relUrl="bin/DocumentFormat.OpenXml.dll" publishTime="06/22/2015 10:40:41" />
    <file relUrl="bin/LAT00200Back.dll" publishTime="12/21/2017 18:41:33" />
    <file relUrl="Services/RVT00100Service/RVT00100AppParam002Service.svc" publishTime="11/06/2018 15:42:27" />
    <file relUrl="bin/LAT00110Back.pdb" publishTime="01/23/2019 16:45:02" />
    <file relUrl="bin/LAT00120Back.xml" publishTime="01/23/2019 16:45:01" />
    <file relUrl="Services/CSM00200Service/CSM00200StreamingService.svc" publishTime="07/12/2016 17:23:21" />
    <file relUrl="bin/Ionic.Zip.dll" publishTime="08/07/2011 08:59:58" />
    <file relUrl="Services/CSM00500Service/CSM00500SessionStreamingService.svc" publishTime="07/28/2016 15:32:49" />
    <file relUrl="Services/CSM00100Service/CSM00100SourceGroupService.svc" publishTime="07/04/2016 15:47:16" />
    <file relUrl="Services/CSM00500Service/CSM00500Service.svc" publishTime="07/26/2016 14:33:03" />
    <file relUrl="bin/TelerikMenuBackCls.xml" publishTime="12/10/2018 11:24:34" />
    <file relUrl="Services/Helper/R_ProcessAndUploadService.svc" publishTime="09/23/2015 16:09:32" />
    <file relUrl="Services/LAT00200Service/LAT00200Service.svc" publishTime="10/15/2015 18:18:35" />
    <file relUrl="bin/SAM01100Common.xml" publishTime="12/10/2018 11:24:32" />
    <file relUrl="bin/CSM00300Back.pdb" publishTime="01/23/2019 16:44:59" />
    <file relUrl="Services/CSM00510Service/CSM00510Service.svc" publishTime="08/03/2016 16:13:39" />
    <file relUrl="Services/CSM00520Service/CSM00520IssueService.svc" publishTime="07/24/2018 11:43:32" />
    <file relUrl="Services/MenuService/MenuStreamingService/MenuStreamingService.svc" publishTime="08/18/2017 18:03:07" />
    <file relUrl="bin/REL_BackEnd.pdb" publishTime="09/04/2017 14:53:54" />
    <file relUrl="Services/CSM00502Service/CSM00502StreamingService.svc" publishTime="02/10/2017 16:41:03" />
    <file relUrl="Services/CST00100Service/CST00100StreamingService.svc" publishTime="08/18/2016 15:44:44" />
    <file relUrl="bin/SAM01100Back.dll" publishTime="02/28/2018 15:38:06" />
    <file relUrl="Services/SAM01100Service/SAM01100Service.svc" publishTime="06/29/2016 17:04:12" />
    <file relUrl="bin/RVM00100Back.pdb" publishTime="01/24/2019 11:21:24" />
    <file relUrl="Services/CST00110Service/CST00110Service.svc" publishTime="05/25/2018 11:45:40" />
    <file relUrl="bin/RVM00100Back.xml" publishTime="01/24/2019 11:21:24" />
    <file relUrl="bin/id/TelerikMenuBackResources.resources.dll" publishTime="12/10/2018 11:24:29" />
    <file relUrl="bin/LAT00120Back.pdb" publishTime="01/23/2019 16:45:01" />
    <file relUrl="Services/LAT00120Service/LAT00120StreamingService.svc" publishTime="06/22/2018 16:33:48" />
    <file relUrl="Services/CSM00500Service/CSM00500StreamingService.svc" publishTime="07/26/2016 14:33:34" />
    <file relUrl="Services/SAM01200Service/UserMenuService/UserMenuService.svc" publishTime="11/20/2015 13:22:40" />
    <file relUrl="bin/MyProfileBack.pdb" publishTime="08/22/2017 10:45:45" />
    <file relUrl="bin/SAM01200Back.dll" publishTime="03/21/2018 15:41:27" />
    <file relUrl="Services/SAM01000Service/SAM01000StreamingService/SAM01000StreamingService.svc" publishTime="06/02/2017 16:59:26" />
    <file relUrl="bin/RVT00100Back.xml" publishTime="01/31/2019 18:26:21" />
    <file relUrl="bin/LAT00130Back.pdb" publishTime="01/23/2019 16:45:00" />
    <file relUrl="Services/LAT00500Service/LAT00500Service.svc" publishTime="02/05/2016 17:01:42" />
    <file relUrl="Services/CSM00500Service/CSM00500ItemService.svc" publishTime="08/01/2016 18:53:29" />
    <file relUrl="Services/CSM00300Service/CSM00300Service.svc" publishTime="07/14/2016 15:27:52" />
    <file relUrl="bin/LAT00500Back.dll" publishTime="12/21/2017 18:41:32" />
    <file relUrl="Services/RVT00100Service/RVT00100StreamingService.svc" publishTime="03/16/2016 15:14:01" />
    <file relUrl="bin/CSM00310BACK.dll" publishTime="01/23/2019 16:44:59" />
    <file relUrl="bin/ServerHelper.pdb" publishTime="01/23/2019 16:43:54" />
    <file relUrl="Services/LAM00400Service/LAM00400StreamingService.svc" publishTime="12/01/2015 14:37:18" />
    <file relUrl="bin/ServerHelper.xml" publishTime="01/23/2019 16:43:54" />
    <file relUrl="Services/SAM01210Service/SAM01210Service.svc" publishTime="12/16/2015 16:15:21" />
    <file relUrl="Services/RVT00100Service/RVT00100LogStreamingService.svc" publishTime="03/16/2016 15:14:01" />
    <file relUrl="Services/FileService/FileStreamingService.svc" publishTime="08/30/2016 13:08:54" />
    <file relUrl="bin/FileHelpers.dll" publishTime="06/22/2015 10:40:43" />
    <file relUrl="bin/CST00210Back.xml" publishTime="12/10/2018 11:24:27" />
    <file relUrl="bin/CST00210Back.pdb" publishTime="12/10/2018 11:24:27" />
    <file relUrl="Services/LAT00100Service/LAT00100StreamingService.svc" publishTime="10/12/2015 11:48:32" />
    <file relUrl="bin/ja/TelerikMenuBackResources.resources.dll" publishTime="12/10/2018 11:24:29" />
    <file relUrl="bin/RLicenseService.pdb" publishTime="01/31/2019 18:26:22" />
    <file relUrl="Services/CSM00600Service/CSM00600DetailService.svc" publishTime="12/07/2016 17:15:37" />
    <file relUrl="bin/RLicenseService.xml" publishTime="01/31/2019 18:26:22" />
    <file relUrl="bin/LAR00100Back.dll" publishTime="12/21/2017 18:41:33" />
    <file relUrl="bin/LAM00600Back.dll" publishTime="12/21/2017 18:41:33" />
    <file relUrl="Services/CSM00520Service/CSM00520IssueStreamingService.svc" publishTime="07/24/2018 16:29:25" />
    <file relUrl="bin/CSM00400Back.dll" publishTime="01/29/2018 17:51:45" />
    <file relUrl="Services/RVM00100Service/RVM00100LogScopeStreamingService.svc" publishTime="01/04/2018 10:13:55" />
    <file relUrl="bin/CSM00200Back.dll" publishTime="01/17/2018 14:59:14" />
    <file relUrl="Services/Helper/R_PivotService.svc" publishTime="09/23/2015 16:09:32" />
    <file relUrl="bin/REL_Common.pdb" publishTime="09/05/2017 11:07:28" />
    <file relUrl="bin/TelerikMenuBackResources.dll" publishTime="12/10/2018 11:24:28" />
    <file relUrl="Services/CSM00600Service/CSM00600Service.svc" publishTime="12/06/2016 14:49:19" />
    <file relUrl="Services/CSM00310Service/CSM00310Service.svc" publishTime="09/27/2018 10:52:28" />
    <file relUrl="Services/LAT00300Service/LAT00300StreamingService.svc" publishTime="11/05/2015 16:17:13" />
    <file relUrl="Services/LAM00200Service/LAM00200Service.svc" publishTime="10/16/2015 17:30:46" />
    <file relUrl="Services/LAM00300Service/LAM00300Service.svc" publishTime="10/20/2015 17:30:22" />
    <file relUrl="Services/CSM00500Service/CSM00500UsersService.svc" publishTime="07/27/2016 14:24:10" />
    <file relUrl="bin/TelerikMenuBackResources.xml" publishTime="12/10/2018 11:24:28" />
    <file relUrl="Services/LAT00130Service/LAT00130Service.svc" publishTime="08/03/2018 16:42:25" />
    <file relUrl="Services/RVT00100Service/RVT00100RevisionStreamingService.svc" publishTime="05/02/2017 09:29:36" />
    <file relUrl="bin/CSM00100Back.pdb" publishTime="01/25/2019 11:19:15" />
    <file relUrl="Services/Helper/R_SecurityPolicyService.svc" publishTime="11/05/2015 18:50:20" />
    <file relUrl="bin/LAT00400Back.dll" publishTime="12/21/2017 18:41:32" />
    <file relUrl="Services/LAT00120Service/LAT00120Service.svc" publishTime="06/22/2018 16:33:28" />
    <file relUrl="bin/CSI00100Back.dll" publishTime="03/21/2018 15:43:18" />
    <file relUrl="bin/JWT.dll" publishTime="11/05/2015 11:45:17" />
    <file relUrl="Services/LAM00200Service/LAM00200ContactService.svc" publishTime="02/05/2016 10:47:10" />
    <file relUrl="bin/LAT00110Back.dll" publishTime="01/23/2019 16:45:02" />
    <file relUrl="Services/LoginService/LoginService.svc" publishTime="01/29/2016 14:00:41" />
    <file relUrl="bin/TelerikMenuBackCls.pdb" publishTime="12/10/2018 11:24:34" />
    <file relUrl="bin/RVM00100Common.dll" publishTime="01/24/2019 11:21:24" />
    <file relUrl="Services/CSM00400Service/CSM00400StreamingService.svc" publishTime="07/21/2016 11:41:51" />
    <file relUrl="bin/CSM00300Back.dll" publishTime="01/23/2019 16:44:59" />
    <file relUrl="Services/LAM00600Service/LAM00600Service.svc" publishTime="02/02/2016 11:13:27" />
    <file relUrl="Services/RVT00100Service/RVT00100Service.svc" publishTime="03/16/2016 15:14:01" />
    <file relUrl="Services/RVT00100Service/RVT00100RevisionService.svc" publishTime="05/02/2017 09:27:54" />
    <file relUrl="bin/SpreadsheetLight.dll" publishTime="06/22/2015 10:40:41" />
    <file relUrl="Services/RVM00100Service/RVM00100ProviderService.svc" publishTime="05/15/2017 16:14:04" />
    <file relUrl="Services/RVM00110Service/RVM00110StreamingService.svc" publishTime="08/13/2018 14:00:01" />
    <file relUrl="bin/REL_BackEnd.dll" publishTime="09/04/2017 14:53:54" />
    <file relUrl="Services/CST00200Service/CST00200AttachService.svc" publishTime="10/26/2016 14:44:35" />
    <file relUrl="bin/R_EmailEngine.dll" publishTime="08/22/2017 10:45:33" />
    <file relUrl="bin/GSM00100Back.dll" publishTime="12/21/2017 18:41:36" />
    <file relUrl="Services/LAT00200Service/LAT00200StreamingService.svc" publishTime="10/16/2015 13:34:57" />
    <file relUrl="Services/CSM00100Service/CSM00100StreamingService.svc" publishTime="06/24/2016 17:14:26" />
    <file relUrl="Services/SAM01200Service/SAM01200Service.svc" publishTime="11/20/2015 13:22:07" />
    <file relUrl="bin/SAM01200Common.dll" publishTime="03/21/2018 15:41:26" />
    <file relUrl="bin/LAM00200Back.dll" publishTime="01/23/2019 16:45:01" />
    <file relUrl="bin/LAM00400Back.dll" publishTime="02/28/2018 15:38:05" />
    <file relUrl="Services/RVM00100Service/RVM00100UserStreamingService.svc" publishTime="11/10/2016 17:20:13" />
    <file relUrl="bin/LAT00120Back.dll" publishTime="01/23/2019 16:45:01" />
    <file relUrl="bin/R_Version.pdb" publishTime="12/11/2018 15:55:54" />
    <file relUrl="bin/CSM00300Back.xml" publishTime="01/23/2019 16:44:59" />
    <file relUrl="Services/CSI00100Service/CSI00100Service.svc" publishTime="09/11/2017 09:51:38" />
    <file relUrl="bin/CST00200Back.dll" publishTime="01/24/2019 11:21:24" />
    <file relUrl="bin/RCustDBFileCommon.pdb" publishTime="12/10/2018 11:24:26" />
    <file relUrl="bin/LAM00200Back.xml" publishTime="01/23/2019 16:45:01" />
    <file relUrl="bin/LAT00110Back.xml" publishTime="01/23/2019 16:45:02" />
    <file relUrl="bin/CST00210Back.dll" publishTime="12/10/2018 11:24:27" />
    <file relUrl="Services/CST00200Service/CST00200ReviseStreamingService.svc" publishTime="08/30/2018 16:37:09" />
    <file relUrl="Services/CSM00200Service/CSM00200Service.svc" publishTime="07/12/2016 17:22:47" />
    <file relUrl="Services/CSI00200Service/CSI00200StreamingService.svc" publishTime="10/11/2017 15:53:14" />
    <file relUrl="Services/RVT00100Service/RVT00100AppParam002StreamingService.svc" publishTime="11/06/2018 15:43:13" />
    <file relUrl="bin/ServerHelper.dll" publishTime="01/23/2019 16:43:54" />
    <file relUrl="bin/LAT00100Back.pdb" publishTime="01/23/2019 16:44:58" />
    <file relUrl="bin/CSM00502Back.dll" publishTime="12/21/2017 18:41:37" />
    <file relUrl="Services/CST00110Service/CST00110StreamingService.svc" publishTime="05/25/2018 11:46:05" />
    <file relUrl="bin/RVT00100Back.pdb" publishTime="01/31/2019 18:26:21" />
    <file relUrl="Services/LAR00100Service/LAR00100Service.svc" publishTime="02/19/2016 11:49:36" />
    <file relUrl="bin/CSM00500Common.xml" publishTime="01/24/2019 16:16:23" />
    <file relUrl="bin/LAM00500Back.dll" publishTime="12/21/2017 18:41:33" />
    <file relUrl="Services/RVM00100Service/RVM00100StreamingService.svc" publishTime="03/16/2016 15:13:30" />
    <file relUrl="bin/RLicenseService.dll" publishTime="01/31/2019 18:26:22" />
    <file relUrl="bin/REL_StreamExtendedLibrary.pdb" publishTime="11/05/2015 11:48:12" />
    <file relUrl="bin/CSM00310BACK.pdb" publishTime="01/23/2019 16:44:59" />
    <file relUrl="Services/CST00210Service/CST00210Service.svc" publishTime="03/08/2018 15:15:38" />
    <file relUrl="Services/Helper/R_LockingService.svc" publishTime="09/23/2015 16:09:32" />
    <file relUrl="Services/LAT00400Service/LAT00400Service.svc" publishTime="01/27/2016 09:49:18" />
    <file relUrl="bin/SAM01000Back.dll" publishTime="12/21/2017 18:41:35" />
    <file relUrl="Services/LAM00500Service/LAM00500Service.svc" publishTime="11/30/2015 14:13:27" />
    <file relUrl="bin/CSM00500Common.dll" publishTime="01/24/2019 16:16:23" />
    <file relUrl="bin/R_Token.dll" publishTime="10/31/2015 10:40:00" />
    <file relUrl="bin/SAM01210Back.dll" publishTime="03/21/2018 15:41:28" />
    <file relUrl="bin/CSM00600Back.dll" publishTime="03/21/2018 15:41:28" />
    <file relUrl="Services/RVM00100Service/RVM00100LogScopeService.svc" publishTime="01/04/2018 10:12:29" />
    <file relUrl="bin/RLicenseBack.pdb" publishTime="01/24/2019 11:21:23" />
    <file relUrl="Services/LAR00100Service/LAR00100StreamingService.svc" publishTime="02/19/2016 10:48:46" />
    <file relUrl="Services/CSM00501Service/CSM00501Service.svc" publishTime="09/23/2016 19:18:48" />
    <file relUrl="Services/LAT00110Service/LAT00110StreamingService.svc" publishTime="05/22/2018 16:45:55" />
    <file relUrl="bin/KeySynch.dll" publishTime="10/30/2013 09:48:40" />
    <file relUrl="bin/SAM01100Common.pdb" publishTime="12/10/2018 11:24:32" />
    <file relUrl="bin/CSM00520Back.pdb" publishTime="01/24/2019 16:16:29" />
    <file relUrl="Services/SAM01200Service/UserCompanyService/UserCompanyService.svc" publishTime="11/20/2015 13:22:40" />
    <file relUrl="Services/RVM00100Service/RVM00100UserService.svc" publishTime="11/10/2016 17:20:48" />
    <file relUrl="bin/CSM00100Back.xml" publishTime="01/25/2019 11:19:15" />
    <file relUrl="bin/CSI00200Back.dll" publishTime="12/21/2017 18:41:36" />
    <file relUrl="bin/ja/REL_BackEnd.resources.dll" publishTime="08/22/2017 10:45:30" />
    <file relUrl="bin/MyProfileBack.dll" publishTime="08/22/2017 10:45:45" />
    <file relUrl="Services/SAM01210Service/SAM01210StreamingService/SAM01210StreamingService.svc" publishTime="12/16/2015 17:28:20" />
    <file relUrl="bin/LAT00130Back.xml" publishTime="01/23/2019 16:45:00" />
    <file relUrl="bin/Iesi.Collections.dll" publishTime="11/23/2012 09:04:34" />
    <file relUrl="Services/CST00210Service/CST00210StreamingService.svc" publishTime="03/08/2018 15:16:54" />
    <file relUrl="bin/CST00200Back.xml" publishTime="01/24/2019 11:21:24" />
    <file relUrl="Services/CSM00310Service/CSM00310StreamingService.svc" publishTime="10/01/2018 10:06:14" />
    <file relUrl="bin/CSM00500Back.pdb" publishTime="01/24/2019 16:16:24" />
    <file relUrl="bin/R_EmailEngine.pdb" publishTime="08/22/2017 10:45:33" />
    <file relUrl="bin/CSM00100Back.dll" publishTime="01/25/2019 11:19:15" />
    <file relUrl="Services/RVM00100Service/RVM00100CustomerService.svc" publishTime="08/08/2018 13:41:47" />
    <file relUrl="Services/MyProfileService/MyProfileService.svc" publishTime="06/29/2016 17:04:01" />
  </publishProfile>
</publishData>