﻿<?xml version="1.0"?>
<doc>
<assembly>
<name>
LAT00400FrontResources
</name>
</assembly>
<members>
<member name="P:LAT00400FrontResources.My.Resources.Resources.ResourceManager">
	<summary>
  Returns the cached ResourceManager instance used by this class.
</summary>
</member><member name="P:LAT00400FrontResources.My.Resources.Resources.Culture">
	<summary>
  Overrides the current thread's CurrentUICulture property for all
  resource lookups using this strongly typed resource class.
</summary>
</member><member name="T:LAT00400FrontResources.My.Resources.Resources">
	<summary>
  A strongly-typed resource class, for looking up localized strings, etc.
</summary>
</member><member name="P:LAT00400FrontResources.My.Resources.LAT00400FrontResources_msgrsc.ResourceManager">
	<summary>
  Returns the cached ResourceManager instance used by this class.
</summary>
</member><member name="P:LAT00400FrontResources.My.Resources.LAT00400FrontResources_msgrsc.Culture">
	<summary>
  Overrides the current thread's CurrentUICulture property for all
  resource lookups using this strongly typed resource class.
</summary>
</member><member name="P:LAT00400FrontResources.My.Resources.LAT00400FrontResources_msgrsc._CCONFIG_BY">
	<summary>
  Looks up a localized string similar to Updated By.
</summary>
</member><member name="P:LAT00400FrontResources.My.Resources.LAT00400FrontResources_msgrsc._CCONFIG_ID">
	<summary>
  Looks up a localized string similar to Update No..
</summary>
</member><member name="P:LAT00400FrontResources.My.Resources.LAT00400FrontResources_msgrsc._CCREATE_BY">
	<summary>
  Looks up a localized string similar to Create By.
</summary>
</member><member name="P:LAT00400FrontResources.My.Resources.LAT00400FrontResources_msgrsc._CCUSTOMER_CODE">
	<summary>
  Looks up a localized string similar to Customer Code.
</summary>
</member><member name="P:LAT00400FrontResources.My.Resources.LAT00400FrontResources_msgrsc._CFIELD_NAME">
	<summary>
  Looks up a localized string similar to Field.
</summary>
</member><member name="P:LAT00400FrontResources.My.Resources.LAT00400FrontResources_msgrsc._CFIELD_VALUE">
	<summary>
  Looks up a localized string similar to Value.
</summary>
</member><member name="P:LAT00400FrontResources.My.Resources.LAT00400FrontResources_msgrsc._CLICENSE_CODE">
	<summary>
  Looks up a localized string similar to License Code.
</summary>
</member><member name="P:LAT00400FrontResources.My.Resources.LAT00400FrontResources_msgrsc._CNOTE">
	<summary>
  Looks up a localized string similar to Note.
</summary>
</member><member name="P:LAT00400FrontResources.My.Resources.LAT00400FrontResources_msgrsc._CREGISTRATION_ID">
	<summary>
  Looks up a localized string similar to Registration ID.
</summary>
</member><member name="P:LAT00400FrontResources.My.Resources.LAT00400FrontResources_msgrsc._CSEQUENCE">
	<summary>
  Looks up a localized string similar to Sequence.
</summary>
</member><member name="P:LAT00400FrontResources.My.Resources.LAT00400FrontResources_msgrsc._CUPDATE_BY">
	<summary>
  Looks up a localized string similar to Update By.
</summary>
</member><member name="P:LAT00400FrontResources.My.Resources.LAT00400FrontResources_msgrsc._DCONFIG_DATE">
	<summary>
  Looks up a localized string similar to Updated On.
</summary>
</member><member name="P:LAT00400FrontResources.My.Resources.LAT00400FrontResources_msgrsc._DCREATE_DATE">
	<summary>
  Looks up a localized string similar to Create Date.
</summary>
</member><member name="P:LAT00400FrontResources.My.Resources.LAT00400FrontResources_msgrsc._DUPDATE_DATE">
	<summary>
  Looks up a localized string similar to Update Date.
</summary>
</member><member name="P:LAT00400FrontResources.My.Resources.LAT00400FrontResources_msgrsc.btnRegisterServer">
	<summary>
  Looks up a localized string similar to Register Server.
</summary>
</member><member name="P:LAT00400FrontResources.My.Resources.LAT00400FrontResources_msgrsc.grpServerType">
	<summary>
  Looks up a localized string similar to Server Type.
</summary>
</member><member name="P:LAT00400FrontResources.My.Resources.LAT00400FrontResources_msgrsc.LAT00200_01">
	<summary>
  Looks up a localized string similar to Please fill Installation Key.
</summary>
</member><member name="P:LAT00400FrontResources.My.Resources.LAT00400FrontResources_msgrsc.LAT00200_02">
	<summary>
  Looks up a localized string similar to Server ID is not for the right application.
</summary>
</member><member name="P:LAT00400FrontResources.My.Resources.LAT00400FrontResources_msgrsc.LAT00200_03">
	<summary>
  Looks up a localized string similar to Server ID is not for the right customer.
</summary>
</member><member name="P:LAT00400FrontResources.My.Resources.LAT00400FrontResources_msgrsc.LAT00200_04">
	<summary>
  Looks up a localized string similar to Customer Name is invalid.
</summary>
</member><member name="P:LAT00400FrontResources.My.Resources.LAT00400FrontResources_msgrsc.lblApplication">
	<summary>
  Looks up a localized string similar to Application.
</summary>
</member><member name="P:LAT00400FrontResources.My.Resources.LAT00400FrontResources_msgrsc.lblCustomer">
	<summary>
  Looks up a localized string similar to Customer.
</summary>
</member><member name="P:LAT00400FrontResources.My.Resources.LAT00400FrontResources_msgrsc.lblInstallationId">
	<summary>
  Looks up a localized string similar to Installation Key.
</summary>
</member><member name="P:LAT00400FrontResources.My.Resources.LAT00400FrontResources_msgrsc.lblNote">
	<summary>
  Looks up a localized string similar to Note.
</summary>
</member><member name="P:LAT00400FrontResources.My.Resources.LAT00400FrontResources_msgrsc.PS001">
	<summary>
  Looks up a localized string similar to Please fill Updated By.
</summary>
</member><member name="P:LAT00400FrontResources.My.Resources.LAT00400FrontResources_msgrsc.PS002">
	<summary>
  Looks up a localized string similar to Please fill Updated On.
</summary>
</member><member name="P:LAT00400FrontResources.My.Resources.LAT00400FrontResources_msgrsc.rdbLive">
	<summary>
  Looks up a localized string similar to Live.
</summary>
</member><member name="P:LAT00400FrontResources.My.Resources.LAT00400FrontResources_msgrsc.rdbTest">
	<summary>
  Looks up a localized string similar to Test.
</summary>
</member><member name="T:LAT00400FrontResources.My.Resources.LAT00400FrontResources_msgrsc">
	<summary>
  A strongly-typed resource class, for looking up localized strings, etc.
</summary>
</member>
</members>
</doc>