﻿<?xml version="1.0"?>
<doc>
<assembly>
<name>
LAT00100FrontResources
</name>
</assembly>
<members>
<member name="T:LAT00100FrontResources.My.Resources.LAT00100FrontResources_msgrsc">
<summary>
  A strongly-typed resource class, for looking up localized strings, etc.
</summary>
</member>
<member name="P:LAT00100FrontResources.My.Resources.LAT00100FrontResources_msgrsc.ResourceManager">
<summary>
  Returns the cached ResourceManager instance used by this class.
</summary>
</member>
<member name="P:LAT00100FrontResources.My.Resources.LAT00100FrontResources_msgrsc.Culture">
<summary>
  Overrides the current thread's CurrentUICulture property for all
  resource lookups using this strongly typed resource class.
</summary>
</member>
<member name="P:LAT00100FrontResources.My.Resources.LAT00100FrontResources_msgrsc._CACTIVATION_CODE">
<summary>
  Looks up a localized string similar to Activation Code.
</summary>
</member>
<member name="P:LAT00100FrontResources.My.Resources.LAT00100FrontResources_msgrsc._CCREATE_BY">
<summary>
  Looks up a localized string similar to Create By.
</summary>
</member>
<member name="P:LAT00100FrontResources.My.Resources.LAT00100FrontResources_msgrsc._CCUSTOMER_CODE">
<summary>
  Looks up a localized string similar to Customer Code.
</summary>
</member>
<member name="P:LAT00100FrontResources.My.Resources.LAT00100FrontResources_msgrsc._CGENERATE_TIME">
<summary>
  Looks up a localized string similar to Generated On.
</summary>
</member>
<member name="P:LAT00100FrontResources.My.Resources.LAT00100FrontResources_msgrsc._CLICENSE_CODE">
<summary>
  Looks up a localized string similar to License Code.
</summary>
</member>
<member name="P:LAT00100FrontResources.My.Resources.LAT00100FrontResources_msgrsc._CLICENSE_MODE">
<summary>
  Looks up a localized string similar to License Mode.
</summary>
</member>
<member name="P:LAT00100FrontResources.My.Resources.LAT00100FrontResources_msgrsc._CUPDATE_BY">
<summary>
  Looks up a localized string similar to Update By.
</summary>
</member>
<member name="P:LAT00100FrontResources.My.Resources.LAT00100FrontResources_msgrsc._DCREATE_DATE">
<summary>
  Looks up a localized string similar to Create Date.
</summary>
</member>
<member name="P:LAT00100FrontResources.My.Resources.LAT00100FrontResources_msgrsc._DEXPIRY_DATE">
<summary>
  Looks up a localized string similar to Expiry Date.
</summary>
</member>
<member name="P:LAT00100FrontResources.My.Resources.LAT00100FrontResources_msgrsc._DSTART_DATE">
<summary>
  Looks up a localized string similar to Start Date.
</summary>
</member>
<member name="P:LAT00100FrontResources.My.Resources.LAT00100FrontResources_msgrsc._DUPDATE_DATE">
<summary>
  Looks up a localized string similar to Update Date.
</summary>
</member>
<member name="P:LAT00100FrontResources.My.Resources.LAT00100FrontResources_msgrsc._NGRACE_DAYS">
<summary>
  Looks up a localized string similar to Grace Days.
</summary>
</member>
<member name="P:LAT00100FrontResources.My.Resources.LAT00100FrontResources_msgrsc._NLICENSEE">
<summary>
  Looks up a localized string similar to Licensee.
</summary>
</member>
<member name="P:LAT00100FrontResources.My.Resources.LAT00100FrontResources_msgrsc._NWARNING_DAYS">
<summary>
  Looks up a localized string similar to Warning Days.
</summary>
</member>
<member name="P:LAT00100FrontResources.My.Resources.LAT00100FrontResources_msgrsc.btnAddPeriod">
<summary>
  Looks up a localized string similar to Calculate Expiry Date.
</summary>
</member>
<member name="P:LAT00100FrontResources.My.Resources.LAT00100FrontResources_msgrsc.btnGenerateActivation">
<summary>
  Looks up a localized string similar to Generate Code.
</summary>
</member>
<member name="P:LAT00100FrontResources.My.Resources.LAT00100FrontResources_msgrsc.btnGenerateLicense">
<summary>
  Looks up a localized string similar to Generate Code.
</summary>
</member>
<member name="P:LAT00100FrontResources.My.Resources.LAT00100FrontResources_msgrsc.btnResetReactivationStatus">
<summary>
  Looks up a localized string similar to Reset Status.
</summary>
</member>
<member name="P:LAT00100FrontResources.My.Resources.LAT00100FrontResources_msgrsc.btnSaveToFile">
<summary>
  Looks up a localized string similar to Save to File....
</summary>
</member>
<member name="P:LAT00100FrontResources.My.Resources.LAT00100FrontResources_msgrsc.btnVerifyID">
<summary>
  Looks up a localized string similar to Verify.
</summary>
</member>
<member name="P:LAT00100FrontResources.My.Resources.LAT00100FrontResources_msgrsc.grpServerType">
<summary>
  Looks up a localized string similar to Server Type.
</summary>
</member>
<member name="P:LAT00100FrontResources.My.Resources.LAT00100FrontResources_msgrsc.LAT00100_01">
<summary>
  Looks up a localized string similar to Please fill Installation Key.
</summary>
</member>
<member name="P:LAT00100FrontResources.My.Resources.LAT00100FrontResources_msgrsc.LAT00100_02">
<summary>
  Looks up a localized string similar to Installation Key is not for the right customer.
</summary>
</member>
<member name="P:LAT00100FrontResources.My.Resources.LAT00100FrontResources_msgrsc.LAT00100_03">
<summary>
  Looks up a localized string similar to Please fill valid Active Date.
</summary>
</member>
<member name="P:LAT00100FrontResources.My.Resources.LAT00100FrontResources_msgrsc.LAT00100_04">
<summary>
  Looks up a localized string similar to Customer Name is invalid.
</summary>
</member>
<member name="P:LAT00100FrontResources.My.Resources.LAT00100FrontResources_msgrsc.LAT00100_05">
<summary>
  Looks up a localized string similar to Please maintain Customer.
</summary>
</member>
<member name="P:LAT00100FrontResources.My.Resources.LAT00100FrontResources_msgrsc.LAT00100_06">
<summary>
  Looks up a localized string similar to Please maintain Application.
</summary>
</member>
<member name="P:LAT00100FrontResources.My.Resources.LAT00100FrontResources_msgrsc.lblActivationCode">
<summary>
  Looks up a localized string similar to Code.
</summary>
</member>
<member name="P:LAT00100FrontResources.My.Resources.LAT00100FrontResources_msgrsc.lblActivationTitle">
<summary>
  Looks up a localized string similar to Activation Code.
</summary>
</member>
<member name="P:LAT00100FrontResources.My.Resources.LAT00100FrontResources_msgrsc.lblActiveDate">
<summary>
  Looks up a localized string similar to Active Date.
</summary>
</member>
<member name="P:LAT00100FrontResources.My.Resources.LAT00100FrontResources_msgrsc.lblAGenerateDate">
<summary>
  Looks up a localized string similar to Time.
</summary>
</member>
<member name="P:LAT00100FrontResources.My.Resources.LAT00100FrontResources_msgrsc.lblApplication">
<summary>
  Looks up a localized string similar to Application.
</summary>
</member>
<member name="P:LAT00100FrontResources.My.Resources.LAT00100FrontResources_msgrsc.lblCurrentExpiryDate">
<summary>
  Looks up a localized string similar to Current Expiry Date.
</summary>
</member>
<member name="P:LAT00100FrontResources.My.Resources.LAT00100FrontResources_msgrsc.lblCustomer">
<summary>
  Looks up a localized string similar to Customer.
</summary>
</member>
<member name="P:LAT00100FrontResources.My.Resources.LAT00100FrontResources_msgrsc.lblGenerate">
<summary>
  Looks up a localized string similar to Generate.
</summary>
</member>
<member name="P:LAT00100FrontResources.My.Resources.LAT00100FrontResources_msgrsc.lblGraceDays">
<summary>
  Looks up a localized string similar to Grace Days.
</summary>
</member>
<member name="P:LAT00100FrontResources.My.Resources.LAT00100FrontResources_msgrsc.lblInstallationId">
<summary>
  Looks up a localized string similar to Installation Key.
</summary>
</member>
<member name="P:LAT00100FrontResources.My.Resources.LAT00100FrontResources_msgrsc.lblLastExpiryDate">
<summary>
  Looks up a localized string similar to Last Expiry Date.
</summary>
</member>
<member name="P:LAT00100FrontResources.My.Resources.LAT00100FrontResources_msgrsc.lblLGenerateDate">
<summary>
  Looks up a localized string similar to Time.
</summary>
</member>
<member name="P:LAT00100FrontResources.My.Resources.LAT00100FrontResources_msgrsc.lblLicenseCode">
<summary>
  Looks up a localized string similar to Code.
</summary>
</member>
<member name="P:LAT00100FrontResources.My.Resources.LAT00100FrontResources_msgrsc.lblLicensee">
<summary>
  Looks up a localized string similar to No. of Licensee.
</summary>
</member>
<member name="P:LAT00100FrontResources.My.Resources.LAT00100FrontResources_msgrsc.lblLicenseMode">
<summary>
  Looks up a localized string similar to License Mode.
</summary>
</member>
<member name="P:LAT00100FrontResources.My.Resources.LAT00100FrontResources_msgrsc.lblLicenseTitle">
<summary>
  Looks up a localized string similar to License Code.
</summary>
</member>
<member name="P:LAT00100FrontResources.My.Resources.LAT00100FrontResources_msgrsc.lblList">
<summary>
  Looks up a localized string similar to List.
</summary>
</member>
<member name="P:LAT00100FrontResources.My.Resources.LAT00100FrontResources_msgrsc.lblMonth">
<summary>
  Looks up a localized string similar to Month(s).
</summary>
</member>
<member name="P:LAT00100FrontResources.My.Resources.LAT00100FrontResources_msgrsc.lblReactivationStatus">
<summary>
  Looks up a localized string similar to Reactivation Status.
</summary>
</member>
<member name="P:LAT00100FrontResources.My.Resources.LAT00100FrontResources_msgrsc.lblWarningDays">
<summary>
  Looks up a localized string similar to Warning Days.
</summary>
</member>
<member name="P:LAT00100FrontResources.My.Resources.LAT00100FrontResources_msgrsc.lblYear">
<summary>
  Looks up a localized string similar to Year(s).
</summary>
</member>
<member name="P:LAT00100FrontResources.My.Resources.LAT00100FrontResources_msgrsc.rdbLive">
<summary>
  Looks up a localized string similar to Live.
</summary>
</member>
<member name="P:LAT00100FrontResources.My.Resources.LAT00100FrontResources_msgrsc.rdbTest">
<summary>
  Looks up a localized string similar to Test.
</summary>
</member>
<member name="P:LAT00100FrontResources.My.Resources.LAT00100FrontResources_msgrsc.rdbTraining">
<summary>
  Looks up a localized string similar to Training.
</summary>
</member>
<member name="T:LAT00100FrontResources.My.Resources.Resources">
<summary>
  A strongly-typed resource class, for looking up localized strings, etc.
</summary>
</member>
<member name="P:LAT00100FrontResources.My.Resources.Resources.ResourceManager">
<summary>
  Returns the cached ResourceManager instance used by this class.
</summary>
</member>
<member name="P:LAT00100FrontResources.My.Resources.Resources.Culture">
<summary>
  Overrides the current thread's CurrentUICulture property for all
  resource lookups using this strongly typed resource class.
</summary>
</member>
</members>
</doc>
