﻿<?xml version="1.0" encoding="utf-8"?>
<publishData>
  <publishProfile publishUrl="D:\Projects\RND\RealCodeActivationService" deleteExistingFiles="True" ftpAnonymousLogin="False" ftpPassiveMode="True" msdeploySite="" msdeploySiteID="" msdeployRemoteSitePhysicalPath="" msdeployAllowUntrustedCertificate="False" msdeploySkipExtraFilesOnServer="True" msdeployMarkAsApp="False" profileName="Profile1" publishMethod="FileSystem" replaceMatchingFiles="False" userName="" savePWD="False" userPWD="" SelectedForPublish="True">
    <file relUrl="bin/RCustDBFileCommon.xml" publishTime="10/14/2019 14:03:16" />
    <file relUrl="bin/REL_BackEnd.dll" publishTime="09/04/2017 14:53:54" />
    <file relUrl="Services/LAT00130Service/LAT00130Service.svc" publishTime="08/06/2018 14:32:54" />
    <file relUrl="bin/ServerHelper.dll" publishTime="10/14/2019 14:03:16" />
    <file relUrl="bin/LAT00100Back.xml" publishTime="01/28/2020 11:19:33" />
    <file relUrl="bin/LAT00130Back.xml" publishTime="01/28/2020 11:19:36" />
    <file relUrl="Services/LAT00110Service/LAT00110StreamingService.svc" publishTime="06/06/2018 11:02:35" />
    <file relUrl="bin/ServerHelper.pdb" publishTime="10/14/2019 14:03:16" />
    <file relUrl="bin/RCustDBFileCommon.pdb" publishTime="10/14/2019 14:03:16" />
    <file relUrl="bin/HelperStreamExtensionLibrary.dll" publishTime="08/18/2017 16:04:01" />
    <file relUrl="bin/Ionic.Zip.dll" publishTime="08/07/2011 08:59:58" />
    <file relUrl="bin/ServerHelper.xml" publishTime="10/14/2019 14:03:16" />
    <file relUrl="bin/LAT00100Back.pdb" publishTime="01/28/2020 11:19:33" />
    <file relUrl="bin/RealCodeActivationService.xml" publishTime="01/28/2020 11:19:37" />
    <file relUrl="bin/REL_Common.dll" publishTime="09/05/2017 11:07:28" />
    <file relUrl="bin/LAT00130Back.dll" publishTime="01/28/2020 11:19:36" />
    <file relUrl="bin/LAT00100Back.dll" publishTime="01/28/2020 11:19:33" />
    <file relUrl="bin/RealCodeActivationService.pdb" publishTime="01/28/2020 11:19:37" />
    <file relUrl="bin/LAT00130Back.pdb" publishTime="01/28/2020 11:19:36" />
    <file relUrl="bin/LAT00110Back.dll" publishTime="01/28/2020 11:19:36" />
    <file relUrl="bin/RealCodeActivationService.dll" publishTime="01/28/2020 11:19:37" />
    <file relUrl="bin/RLicenseBack.dll" publishTime="01/28/2020 11:19:36" />
    <file relUrl="bin/RCustDBFileCommon.dll" publishTime="10/14/2019 14:03:16" />
    <file relUrl="bin/RLicenseBack.xml" publishTime="01/28/2020 11:19:36" />
    <file relUrl="bin/LAT00110Back.pdb" publishTime="01/28/2020 11:19:36" />
    <file relUrl="bin/RLicenseBack.pdb" publishTime="01/28/2020 11:19:36" />
    <file relUrl="bin/LAT00110Back.xml" publishTime="01/28/2020 11:19:36" />
    <file relUrl="Services/LAT00110Service/LAT00110Service.svc" publishTime="06/06/2018 11:01:47" />
  </publishProfile>
</publishData>